;Statusz_vegzett
8979;True
1903;False
8191;False
8276;True
365;True
3539;False
6363;True
382;True
2710;False
265;False
5682;True
3745;False
9482;False
4590;True
5374;True
8448;True
842;False
4218;True
2279;True
882;False
8459;True
3724;False
6451;False
2304;True
4529;True
5528;False
2613;False
5879;True
2365;False
2724;True
1566;True
611;False
6808;True
6794;True
5704;True
469;True
4524;True
7380;False
7647;True
2440;True
8475;False
6409;False
3075;True
5295;False
5827;True
5289;False
5297;True
6439;True
1375;True
9791;True
5366;False
7212;True
1373;True
3499;True
3933;True
8910;False
3425;True
4110;True
2792;True
9001;False
179;False
1591;False
6209;True
6988;False
8614;True
7307;False
9408;True
5673;False
1674;True
2997;True
3967;False
7179;True
9679;False
2175;True
346;True
633;True
4597;True
7411;True
1965;True
7117;True
3293;True
1350;True
8777;True
2486;False
4456;True
2936;True
6929;False
8344;True
2775;True
1399;True
4932;True
9497;True
2402;True
4055;False
8680;True
2415;True
6906;True
772;True
6835;True
9350;True
2581;False
7261;True
1836;True
3452;False
2630;True
1294;True
6784;False
8327;True
7200;False
8981;False
1580;True
4792;True
6263;False
214;False
5199;False
7446;False
3047;True
50;False
981;True
4184;True
8748;True
2651;False
4303;False
2645;True
4416;False
1166;True
3490;True
5934;True
1231;True
8035;True
3387;True
123;True
6951;False
7812;False
9598;True
3650;True
3766;False
5085;True
8270;False
2779;False
4878;False
1119;True
6769;False
1973;True
6612;False
4771;True
4572;True
1914;False
4523;True
5858;True
2246;False
510;False
6559;False
5474;True
9863;False
2474;False
5298;True
8325;False
1376;True
698;True
6290;True
8124;False
4284;True
1909;False
8007;True
6285;True
5017;False
8809;True
1880;False
2712;True
5250;True
6168;False
110;True
6956;False
8881;True
3780;True
2276;True
5698;True
2451;False
9670;True
1736;False
7998;True
1853;False
8347;True
2842;True
8233;True
8311;False
5391;True
1485;False
2954;True
462;True
9716;True
6544;True
1105;True
1895;False
8895;True
7143;False
3982;False
4943;True
962;True
7741;True
790;False
1766;True
2034;True
4617;False
4011;True
3900;True
4008;False
2189;False
4988;False
7573;True
8593;True
8330;True
4157;True
9430;False
3226;True
7954;False
4623;True
1672;False
8132;True
998;True
7481;False
4691;False
3053;True
878;True
8286;True
7848;False
1398;False
3401;True
9100;False
502;True
3849;False
1113;False
5321;True
6113;True
8486;False
697;False
5666;True
9327;False
4384;False
7275;True
4190;True
1419;True
1794;False
5162;True
8143;True
6086;True
7136;True
8615;False
3987;False
376;True
6149;True
2274;False
2046;True
9875;True
6013;True
1606;True
6774;False
1349;True
451;True
8449;True
4129;True
4208;True
5433;True
9874;False
4830;True
3093;True
2917;True
5632;True
4508;False
2798;True
4710;False
9253;True
2593;False
3135;True
9817;True
193;True
3748;False
8671;False
1408;False
6885;True
8693;True
6522;True
9215;True
6066;True
9127;False
4321;False
4100;False
1083;True
1999;False
87;True
2656;True
2904;False
5121;True
2671;True
2757;True
6299;True
1780;True
9554;False
5110;True
8068;False
7856;True
7064;True
5452;True
4575;True
3761;False
2516;False
7639;False
9050;True
654;False
8856;True
7305;True
1356;True
9666;True
245;True
2623;True
6992;False
8312;False
5701;False
9540;False
4839;True
9833;False
3318;False
8756;True
7804;False
4018;True
3538;False
4933;False
4001;False
3140;False
4434;False
2626;True
6377;False
3830;True
9081;True
2184;False
8342;False
1905;True
6316;False
718;False
4063;True
3861;False
7048;True
6954;False
208;True
5770;True
4887;True
9723;False
8000;False
9528;True
8205;False
2084;True
647;True
3816;False
6919;True
2002;True
1363;False
6080;False
4554;True
5853;True
855;False
8336;False
8258;False
8235;True
7470;False
9324;True
541;False
6606;True
9989;True
3177;True
2270;True
7243;False
5062;True
3200;True
5802;True
360;True
7427;True
9415;True
9785;False
1020;False
8172;False
6602;False
909;True
2576;False
7376;False
557;False
7700;False
9186;False
1339;True
2399;True
4745;False
6934;False
9866;False
2467;True
7460;False
1751;True
153;False
9651;False
6749;True
5354;True
4495;False
6470;True
2221;True
7686;True
9419;True
7099;True
4774;False
7521;False
4999;False
7730;True
9775;True
9195;True
5400;True
9820;True
3689;False
416;True
68;False
7149;True
4430;True
5927;False
4844;True
5408;True
2429;True
5677;False
4013;True
8872;True
3569;True
170;False
4648;True
6108;True
2878;True
4154;True
2528;True
3734;True
2766;False
2974;True
4385;True
1613;True
7283;True
6968;False
5420;False
7085;True
6434;False
7985;False
2145;False
3231;True
6854;True
8329;True
8267;True
6003;True
5453;True
6734;False
8114;True
943;True
6227;True
7293;False
1610;True
7142;True
6430;True
3537;False
5103;True
8240;True
4002;False
8695;True
9826;False
5619;False
3251;False
8752;False
3449;False
453;True
9070;True
1472;True
3010;True
7692;True
2492;False
2295;False
3007;True
6552;True
963;False
7030;False
7069;True
2156;True
8888;False
1960;True
8691;True
1295;True
649;True
9234;True
3341;True
8441;True
1824;False
7284;False
9260;False
5216;True
8706;False
8945;False
4344;True
1821;True
4041;True
5663;False
1196;True
9180;True
3898;True
8211;True
3993;False
2000;True
9287;False
1133;False
2125;True
5359;True
326;True
760;False
5920;True
332;True
8341;True
1421;True
563;False
5733;True
8014;True
7491;False
8602;False
7104;True
9024;False
8431;True
6351;False
4390;False
8437;True
1381;False
740;False
1012;True
3635;False
4606;False
430;False
4952;True
869;True
2531;True
8015;False
4439;True
506;True
6414;True
5422;False
5043;True
5127;True
3022;False
4694;True
8665;False
3155;True
6494;True
8984;True
9834;True
6790;True
1442;True
5837;True
9443;True
9616;False
3080;False
1785;True
6791;False
6870;True
5807;True
8379;True
1137;False
2197;False
5977;True
6801;True
8654;True
1549;False
704;True
5627;True
1848;False
7704;True
565;True
8118;True
5277;True
6278;True
4444;False
9681;True
8320;True
251;True
5108;False
7052;False
4546;False
2235;False
4965;True
847;True
534;True
9627;True
8577;True
1673;True
7724;True
8081;True
3384;True
2463;True
5957;True
7154;True
3693;True
25;True
4488;True
9435;False
5599;True
2559;False
755;False
421;False
1547;True
1496;False
8830;False
6176;True
6605;True
3040;True
8993;False
3616;False
2896;False
3524;False
739;False
6395;True
5159;False
1253;True
5645;True
8609;False
9153;True
1968;True
3589;True
5448;True
3235;True
9387;True
8359;False
811;False
5068;False
3494;True
6530;False
2181;True
3351;False
3164;False
1111;True
6708;True
1178;True
1142;False
4624;True
2933;True
7415;True
5771;False
131;False
713;True
3613;True
5336;False
173;False
1413;False
6624;False
2139;False
2913;True
4111;True
6866;False
3512;True
5542;True
7603;True
9084;False
6035;False
5296;False
407;False
3950;False
7362;True
1270;False
8392;False
8618;True
5480;False
4473;False
9414;False
719;True
5708;True
4994;False
3944;True
800;True
2508;True
9991;False
5754;True
8282;False
9141;True
1617;True
2265;False
9709;False
8455;False
2860;True
7134;True
7341;False
6560;False
4479;True
6902;False
1791;True
8017;True
542;False
7155;True
6828;False
5129;True
9026;False
5226;False
3531;False
5504;True
8126;True
9795;False
4259;True
1904;True
27;True
9379;True
2828;False
3691;False
4644;False
1543;True
9373;False
465;True
4595;True
8916;True
6245;False
7072;False
3615;False
7625;False
6944;True
9550;True
4193;False
2081;True
2704;True
7219;True
66;True
2681;True
9908;False
7186;False
4577;True
8982;True
7655;False
1524;False
3328;False
6719;True
7972;True
6051;False
5562;True
670;False
6468;True
5334;False
9479;False
6091;True
3327;True
4968;False
9809;False
9313;True
6636;True
4467;True
8465;False
2892;True
721;True
4376;True
4305;True
3905;False
2097;True
5233;False
3307;False
2691;True
9346;True
2852;True
347;False
9051;False
3974;True
7870;True
8846;False
7765;True
7770;True
7452;False
235;False
4829;True
5558;True
614;True
4610;True
4897;False
4165;True
1467;False
4974;True
2761;True
65;True
4960;True
3847;False
3822;True
7375;True
5952;False
2965;True
1953;True
5300;True
9432;True
5381;False
7805;True
3820;False
5285;True
4919;False
2176;True
3431;True
2783;False
5643;True
3873;True
1377;True
3518;True
652;True
1059;True
6691;False
5608;True
7612;True
8572;True
5723;True
7596;False
6109;True
884;False
8357;True
2859;False
9347;True
5610;True
661;True
7066;True
5115;True
3124;True
9041;False
9144;True
93;False
4663;False
238;True
6532;False
3096;True
3201;True
7116;True
2805;False
6967;True
3930;False
6373;True
1697;True
6987;False
3543;True
3396;True
9926;True
815;True
9969;True
3943;True
5931;False
8835;False
330;True
3926;True
3893;True
357;True
3041;True
9142;True
4483;False
7447;False
655;True
3457;True
1852;False
7936;False
5999;False
393;False
8843;False
62;True
19;False
4486;False
5519;False
6641;True
8046;False
2466;True
6704;True
3216;True
8011;True
8840;False
3493;True
7320;False
356;True
1963;True
5045;True
363;False
4088;False
2509;False
4700;True
3440;True
2667;True
6776;False
3468;True
2031;True
2411;False
6981;True
1639;False
6250;True
4445;False
5523;True
5876;False
2447;False
1830;False
1287;False
7021;True
2067;True
1654;False
3362;True
624;True
4119;True
2830;True
9784;True
2553;True
1704;True
2428;True
2650;False
8845;True
2164;False
5515;False
9400;False
8319;False
6186;False
5580;True
9203;True
5787;True
8966;True
1665;True
5622;True
835;True
3787;True
8264;True
7588;True
384;True
5384;False
3514;True
64;True
9772;False
7792;True
7417;True
3517;True
3125;False
2017;False
1647;True
812;False
6619;False
4153;False
0;True
9456;False
4682;False
5693;True
6663;True
4500;True
9185;False
833;True
1389;True
8025;False
3385;True
6397;False
4840;True
5951;False
5560;True
6813;True
498;False
5023;True
3711;True
1846;True
4156;True
261;False
9267;False
9914;True
9363;False
3063;True
9755;True
8362;True
2191;False
9254;False
5522;True
9968;True
2068;False
3679;False
464;True
4010;True
5739;False
6862;False
5202;False
4664;True
7060;True
5478;True
3381;False
2358;False
2096;True
1474;True
3680;False
2317;False
4040;False
3765;False
2057;True
5901;True
5230;False
4858;False
6506;False
4099;True
2401;True
5786;True
2648;True
282;False
1970;False
2070;False
9003;True
9111;False
3379;False
5788;True
6692;False
9685;True
7017;True
1612;False
198;True
1827;False
454;False
4859;True
3267;True
1813;True
5469;True
2171;False
7002;False
3280;False
702;True
133;False
3911;False
5712;True
9306;True
9933;True
1815;False
8406;True
1730;False
5555;False
2478;True
8645;True
819;True
2876;True
1483;True
9768;True
3561;False
6546;True
3767;True
7384;True
903;True
1638;True
414;True
6969;False
7156;True
7729;False
3676;True
4537;True
2127;False
8217;False
3866;True
7826;True
2003;True
5705;False
9197;False
1584;False
5849;True
6812;True
8111;True
6441;False
7837;False
3214;False
9196;False
2360;True
3088;True
5960;True
6958;True
4102;True
3147;True
4392;False
7416;True
3657;False
3936;True
4941;False
8556;True
1650;True
5169;True
1875;False
5630;True
2390;True
6563;False
4027;True
682;False
4737;True
4039;True
1343;False
2341;True
6697;False
868;True
7406;False
5634;True
1709;True
924;True
968;True
4453;True
8244;True
2591;True
1135;False
1528;True
3581;True
5423;False
7181;True
9204;False
6537;True
1644;False
3535;True
9592;True
727;True
3054;True
6178;False
1246;False
7221;True
5898;False
6502;True
3646;False
6505;True
248;True
2685;False
1726;False
7594;False
3638;False
1460;True
3575;False
8880;True
797;True
2423;False
1000;True
9819;True
665;True
8638;False
5156;True
8492;True
8195;False
7310;True
1476;True
7159;True
6955;True
4723;True
4821;True
1239;True
6743;False
8950;True
6746;True
2614;True
5305;True
6173;True
6736;True
6143;True
7810;True
4742;False
4408;True
6922;False
5490;False
8158;False
2572;True
3644;False
6206;False
8479;True
4841;True
5326;True
7024;True
5803;False
4353;False
8174;True
2339;False
8246;True
1991;False
8505;True
2616;False
1659;True
9830;False
4330;True
2146;False
1095;True
3067;True
8721;False
8137;False
7393;False
9065;True
991;True
9686;False
8149;False
8956;False
802;False
6649;False
2135;False
5696;True
2579;True
5255;False
5240;False
2437;False
2717;True
7303;True
1902;False
5727;True
4136;True
7869;True
5913;True
6893;False
1021;False
5455;True
8844;False
6629;False
1523;False
6282;False
8433;False
42;False
8729;False
3971;True
1803;False
7225;True
9792;False
4239;False
9357;True
6533;True
9721;True
7178;True
3302;True
6317;True
1998;False
7850;True
4293;True
7342;False
6907;True
9211;True
8749;True
5734;True
6975;True
1891;True
5056;False
4801;True
6137;False
7330;True
9688;True
920;True
5917;False
2086;False
2498;True
9532;True
3056;True
9268;False
6644;False
708;True
3435;False
3502;True
3921;False
726;True
8767;False
6053;False
1130;True
2059;True
953;True
3480;False
3994;False
3848;True
3496;False
3546;True
2152;False
8968;True
4545;False
8414;True
1530;False
2825;True
4224;True
252;True
8837;False
5481;True
9278;True
5590;False
8935;False
3465;False
2763;True
7997;True
8703;True
9399;False
3870;True
5538;False
3860;False
2782;True
5587;True
9892;False
522;False
514;True
1061;False
7580;True
4361;True
656;True
3287;True
5557;False
7538;True
8082;False
750;False
8578;False
1310;False
7140;False
7000;False
1330;False
4431;False
3061;True
4990;True
3408;False
6374;True
9948;True
9184;True
5399;False
2261;True
243;True
8260;True
8310;True
6232;True
2483;False
7942;False
716;True
8420;True
5205;False
3929;False
1502;True
4945;True
7323;False
4584;False
8959;False
1224;True
8778;True
4970;True
31;False
4335;True
4515;False
7361;True
2462;True
8724;False
4917;True
2268;False
2187;False
3026;True
5609;True
1887;True
419;True
7442;True
9744;True
8957;True
6655;False
4095;False
182;False
8461;True
4570;True
9282;False
1029;False
2302;False
75;True
1001;True
5526;False
1663;True
3413;False
6561;True
8988;False
2071;False
6196;True
3390;True
3380;True
9921;True
7158;False
1416;True
4871;False
9396;True
6823;False
5728;True
4602;True
8352;True
9608;True
5629;True
2875;False
1894;True
7990;False
3051;True
4346;True
1214;False
4261;True
8054;True
2108;True
1835;True
2251;False
3752;False
2956;True
2045;True
3410;False
7947;False
4581;False
7620;True
2924;True
12;False
7830;False
4683;True
3606;True
3395;False
6132;False
1370;True
1439;True
9997;False
7167;False
9467;True
6378;True
8731;False
4927;True
2212;True
7396;True
3731;False
3032;False
3701;True
8193;True
6851;False
3331;True
1081;False
2590;True
1923;True
2035;True
6894;False
7387;False
2595;True
7701;False
2605;False
7968;False
7187;False
4552;False
4466;True
6653;True
6140;True
4845;True
2256;True
2947;True
7960;True
4000;True
9468;True
1383;False
595;False
4766;False
7334;False
5410;False
9388;False
9028;True
2239;False
3367;True
8231;False
896;True
6713;True
7905;False
5841;True
8558;False
7063;False
9328;True
2047;True
3035;True
1767;True
9182;False
6948;True
6255;True
4681;True
3329;False
8708;False
7723;False
7836;False
544;True
4987;False
5493;False
1643;True
26;False
8635;True
8376;False
1605;True
738;False
7569;True
2395;True
7813;True
180;True
4831;False
9206;False
3444;True
6945;False
5942;True
1507;True
2104;True
1568;True
9481;True
8548;False
4967;True
2767;True
9224;False
6676;False
9284;True
2273;False
9038;True
4677;True
4149;True
6617;True
2407;True
9407;False
415;True
5852;False
9348;True
1261;False
7166;False
6356;True
586;True
5441;False
1533;True
2434;False
2891;False
8220;True
1447;False
2303;True
6216;False
7457;True
2433;True
4092;False
5461;False
7899;True
2178;False
3421;True
1805;False
2961;False
2435;False
782;False
5983;False
6669;True
436;False
7809;True
107;True
8705;True
8754;False
9304;False
1995;True
2601;False
8116;True
6023;True
3325;True
4122;False
4958;False
5187;False
3875;True
7863;False
9301;True
2374;True
9535;True
634;False
6654;True
3340;False
5089;False
7114;False
5317;False
8826;False
3951;True
5435;True
4241;True
3282;True
5138;False
5188;False
1896;False
9171;False
8472;True
5941;True
4402;True
284;False
3259;True
8296;True
3294;False
583;False
6284;True
6732;True
8049;False
7553;True
9361;True
3102;True
591;False
9391;True
4083;False
5513;True
6319;True
4386;True
1089;True
2847;True
6357;True
1603;True
4847;False
160;True
409;True
5191;False
497;True
4975;True
7407;True
4819;False
4992;False
9682;True
406;True
1802;False
7467;False
2923;True
786;False
6928;False
6452;False
4115;True
3619;True
5415;True
910;True
6107;False
3183;True
7885;True
3671;True
3036;False
1692;True
1657;True
1832;False
1301;False
646;False
5947;False
8716;True
1241;False
8696;False
2914;True
7601;True
9986;True
4632;True
1607;False
8493;True
3248;True
4374;True
1929;False
2771;True
22;True
7220;False
944;True
9539;True
9815;True
5950;True
7584;True
5077;False
3330;True
4436;False
838;True
9023;False
7554;False
7365;True
2769;True
8277;True
4870;False
16;True
1247;True
4399;True
3837;False
6435;True
775;False
3743;True
1371;True
6124;True
2599;True
5267;False
4253;False
504;True
2204;False
5668;True
7924;True
4081;False
7613;True
8297;False
8973;True
2269;True
4401;True
4294;False
9265;True
7247;True
7609;False
5294;True
3923;True
4712;False
9675;False
6527;False
8001;True
206;False
6194;True
3845;True
3378;False
873;True
520;False
6503;True
2501;False
244;True
4837;False
4043;True
4765;False
5706;True
3754;False
2659;True
8408;False
1428;True
4276;False
6964;False
3819;False
8905;True
1037;True
1123;True
8456;True
9645;True
9595;False
7097;True
149;True
9919;False
1870;True
2015;False
4972;False
8939;True
5636;False
100;False
4618;False
5851;False
9491;False
6681;True
8698;True
9973;False
7703;False
9502;True
9872;True
2087;False
1099;True
7130;True
5541;False
1448;False
1916;True
9732;False
4899;False
2991;True
7466;False
6520;True
6034;True
2130;True
9861;True
6298;True
5206;True
1445;False
8369;True
2773;False
9208;True
8630;True
8701;False
1762;True
3503;False
3598;False
7589;False
4252;False
8280;True
4842;False
1969;True
6583;True
1360;True
4589;False
6898;True
3023;False
6498;False
4578;True
3703;True
3279;False
5683;False
7279;True
6162;True
6329;False
2700;True
3768;True
6283;True
4104;False
1110;True
696;False
9970;False
144;True
8663;False
7739;False
3721;False
1775;True
2547;False
9806;True
5136;True
4599;True
8104;True
5574;False
2307;False
3800;True
6694;True
1763;False
1223;True
5890;False
9952;False
8186;True
3519;True
874;False
8501;False
1597;True
9258;True
5855;True
5612;False
4874;True
4815;True
4569;True
2788;True
490;False
7684;False
2515;True
7796;True
9704;True
3184;True
4196;True
1228;False
41;True
1722;True
621;False
9239;True
9169;False
532;True
8188;True
4759;True
7882;False
3162;False
3649;True
4336;True
1230;False
1115;True
6093;True
6963;True
4850;False
9508;False
5902;False
9246;False
7974;True
6762;True
5252;True
6336;False
4182;False
3116;True
5133;False
6625;False
1550;False
8853;False
4443;False
521;True
1010;False
3609;True
3958;False
949;True
1964;True
5152;False
3094;False
6895;True
5694;True
172;True
1344;True
5036;False
10;False
1787;True
6360;False
2063;False
3916;True
735;True
4251;True
1121;True
9332;False
3876;False
2762;True
8036;False
9514;False
1092;False
6009;True
4031;True
8919;False
829;False
8531;True
2049;True
3972;True
5758;False
3530;True
4834;True
779;True
3049;False
7377;False
4799;True
2548;False
8909;False
9570;False
701;False
916;False
271;True
8077;False
1630;False
5222;False
7640;True
5498;False
5653;False
8411;True
8484;False
6995;False
4812;False
6353;True
8799;True
4257;False
7015;False
9411;False
1919;True
8722;False
1489;True
5886;True
8557;True
2536;True
4117;True
2214;False
2557;False
2310;False
134;False
2823;False
2983;False
3151;False
5472;True
850;True
8042;True
3672;True
9305;False
6074;True
4542;False
5099;True
1047;True
1682;False
6047;True
5907;True
3885;False
2387;True
4797;False
9714;False
3715;True
1221;True
5261;False
570;False
3288;False
8232;True
3647;True
6167;True
6541;True
3758;False
8597;True
8937;True
6380;False
6440;False
6820;False
9680;False
7468;True
6311;False
399;False
7996;True
5460;True
8093;True
7276;True
9949;False
1175;True
538;False
8772;False
8086;True
993;True
2009;False
8789;False
9708;False
1306;True
4134;False
3872;True
4679;False
4044;True
6072;False
7695;True
1028;True
5854;False
5178;True
837;False
6642;True
9022;True
3471;False
7979;False
1088;False
539;False
2379;False
2801;True
5607;False
8482;False
5355;True
9010;False
8753;True
5628;True
6500;True
8841;True
6735;False
7931;True
2952;True
2948;False
2532;False
7218;True
2919;False
5638;False
2253;True
3348;False
9565;False
8725;False
4243;False
5964;False
2446;False
3114;True
3400;False
9499;True
1501;False
1337;False
4748;True
6281;True
4460;True
8218;False
5778;True
1243;True
8227;True
9612;True
8958;True
886;True
7108;True
8848;True
1577;True
6463;False
4280;True
9649;True
2112;True
4946;True
1861;False
4826;True
339;True
5057;True
7720;True
3483;True
5185;False
8241;False
8943;True
7475;True
8917;True
8525;False
5307;False
2818;False
3818;False
5316;True
1468;True
9903;True
5012;True
934;True
8873;False
6191;False
1825;True
7528;True
8745;True
7934;True
7408;True
7089;False
3323;True
9894;False
784;False
3178;True
8451;False
9162;True
3346;True
5883;True
9884;True
8898;True
1341;False
5695;False
8355;False
4233;True
528;True
3617;False
4690;False
6514;False
4387;True
8574;False
7499;True
1357;True
2955;False
2610;False
2796;False
7488;False
1425;True
2843;True
7767;True
7297;True
2669;True
7727;True
3882;True
9364;False
2312;False
2290;False
7800;False
7195;True
7230;True
7054;True
7439;False
9216;False
5792;True
5984;True
4563;False
8523;False
3206;False
2677;True
5064;True
4733;True
3664;True
5416;True
6925;False
3422;False
3290;True
2410;False
9799;False
9262;True
8177;True
8153;False
803;False
3651;True
7536;False
2806;False
6771;False
2043;False
3090;True
8648;True
9566;True
3420;True
8579;True
8340;True
1864;False
2388;True
9880;True
6626;True
7556;True
5217;False
3686;False
4409;False
6504;True
4418;True
4689;True
8323;False
7265;False
524;False
3171;False
5687;True
2552;False
1486;False
438;True
9131;False
3454;False
7413;True
5572;False
912;True
4042;True
1769;True
9564;False
2984;False
9573;True
1449;True
9668;True
9623;False
7031;True
111;True
5454;False
317;False
1100;False
6215;False
4509;True
8545;False
3105;True
7660;False
9545;True
5719;True
3565;True
6490;False
8906;False
1926;True
4242;True
6423;True
5767;False
4223;True
870;True
7991;True
3220;False
3442;True
6239;False
6199;True
4817;False
2995;True
7951;False
1669;True
9292;True
1232;False
213;True
9447;True
6004;True
5549;False
273;False
6689;True
7277;False
4666;True
3895;False
9604;True
3078;True
832;True
5066;False
9469;True
9124;True
7901;False
3306;False
3316;True
9308;False
6339;True
8444;True
2744;False
7519;True
1800;True
848;False
2431;True
4357;False
6337;True
5631;True
4405;True
3740;False
5369;True
3156;True
2872;True
5531;False
5955;True
2736;False
7229;False
3470;False
4484;True
4948;True
310;False
7451;False
3977;False
9274;True
3947;True
4626;True
5256;True
1351;False
3179;False
7873;False
1906;True
5203;False
1517;False
70;False
9556;False
3295;False
6027;False
2827;False
5514;True
5419;False
1778;True
9461;False
63;True
925;True
270;True
492;False
8656;True
6550;False
1086;False
715;False
2709;True
4673;False
9740;False
9017;False
3794;False
2396;False
4788;False
7176;True
9033;False
281;False
9331;False
901;False
2511;True
5766;False
8085;False
249;True
3762;False
4318;True
6418;False
9574;False
8997;True
6334;True
4539;True
3412;True
3115;False
4048;True
1203;True
241;False
1120;True
2124;True
3763;True
1843;True
9266;False
2800;False
4348;False
9385;True
258;True
9125;True
8936;False
5370;True
5200;False
188;False
6620;False
9575;False
5926;True
4463;False
9794;True
5979;False
8474;True
2746;True
5553;False
9269;True
5276;False
7318;False
7404;True
1229;True
97;False
8443;True
2644;True
9695;False
7648;True
515;False
6231;False
6864;True
6712;False
4058;True
5140;True
2850;False
9338;True
9166;True
7414;False
5342;True
546;True
7128;False
774;False
8575;True
4078;True
3130;False
5662;True
7192;True
5867;True
7006;True
9753;False
1075;True
8033;True
3313;True
2138;True
3821;True
9069;False
1512;False
3430;False
6459;True
6315;True
3937;True
6054;True
8210;True
5292;False
7962;False
6766;True
5893;True
7073;True
2927;False
1189;True
3212;True
8896;False
5449;True
1701;True
4880;True
8006;True
9873;True
7248;False
2027;False
4379;True
7912;True
2419;True
2172;False
7057;False
7455;True
8400;True
2350;False
7113;False
3775;True
8247;True
1668;False
494;True
3495;False
3311;False
4566;True
9823;True
5019;False
3788;False
7981;True
1303;True
8536;False
362;True
8583;False
8983;True
3185;False
1727;True
5845;False
5126;True
2131;True
3008;False
3052;False
7032;True
7339;False
5192;False
5268;False
1618;False
980;False
3236;True
6782;False
1874;True
3416;False
4824;True
3605;True
6700;False
4944;True
5772;True
5288;False
9227;True
3296;True
4936;True
3857;True
6972;True
5047;True
2838;True
4567;True
5315;True
1661;False
3345;False
734;True
9496;True
4983;False
4034;True
3091;False
7709;False
7405;True
8718;False
126;True
3865;True
417;False
7916;True
3665;True
9597;False
2884;False
5543;False
6665;True
1907;False
9661;True
1557;True
202;False
1761;True
6213;True
5875;True
6100;False
1689;True
4449;False
8291;True
8138;True
840;True
7619;True
4414;False
3827;False
4811;True
2558;False
4158;True
9190;False
6859;False
257;True
1782;False
1042;False
6538;True
6202;False
3375;False
5431;True
8592;False
5940;False
7823;False
7233;True
3914;False
4777;True
3791;False
915;True
9774;False
581;True
4601;False
2082;True
7112;True
1877;False
5835;False
2091;True
7842;False
3466;False
9917;False
500;True
6305;True
7889;True
9066;True
304;True
7548;True
3003;True
4394;False
2665;True
1409;True
3582;True
6994;False
6582;True
5546;False
7705;False
9602;False
2231;True
4226;True
8090;False
2188;True
7353;True
4457;False
9146;False
972;False
6579;True
8253;True
2609;False
9813;False
8875;True
706;True
7607;False
9058;True
7403;True
9558;True
7077;False
4851;True
2101;False
6599;True
6507;False
2577;True
6998;True
1188;False
8717;True
9960;True
9205;False
8570;False
6088;False
651;True
7120;True
3540;False
2858;True
4796;False
5524;True
942;True
7471;False
2203;True
39;True
8852;True
6421;False
4559;False
1696;True
4319;True
8050;False
1918;False
104;True
1872;False
5573;False
6320;False
7902;False
638;True
2207;True
3891;False
6153;True
890;False
9126;True
7551;True
8800;False
1716;False
6335;False
3411;False
9851;True
8612;True
9776;True
4328;False
6881;False
6010;False
7811;True
7818;False
9159;True
6710;False
6261;False
7907;True
7756;True
5904;False
2689;True
5364;True
4654;True
5382;True
2005;False
5409;True
1050;True
3015;True
8181;True
4462;True
8659;False
7984;True
6852;True
6381;False
1743;True
4030;False
1414;True
8565;True
1314;True
9658;True
6518;False
7710;True
5394;True
4744;False
2211;True
7915;True
6330;False
5579;True
2230;False
6589;True
3157;True
5144;True
4493;True
8623;False
6130;True
1395;True
7993;True
1255;True
14;True
8066;False
4064;False
2315;True
499;True
8758;True
9449;False
7831;True
5959;False
9580;False
5080;True
7661;True
2622;False
1030;False
9226;False
4306;True
9841;True
6217;False
3559;True
5195;False
6908;True
4548;True
7224;True
207;False
9631;True
3879;True
9983;True
6296;False
2113;True
7860;False
320;False
8944;True
9910;False
6321;True
4798;False
6493;True
8918;False
2879;True
4079;True
6923;False
6841;False
6983;False
313;True
4250;False
5810;False
4269;False
4476;True
9758;True
3076;True
6588;False
5595;False
3825;True
9916;True
2632;True
5323;False
5742;False
9644;False
3774;False
5001;True
8734;True
1558;True
5082;False
8457;True
9315;False
5279;True
8332;True
9085;True
6581;True
2921;True
471;True
3159;True
1394;True
3662;True
145;True
2499;False
2018;True
2835;True
2507;False
1676;False
7329;True
4752;False
7918;False
7855;False
9930;True
6839;False
2294;False
8507;True
9812;True
3996;True
4753;False
3474;True
1397;True
657;True
4695;True
9339;True
9237;True
5404;True
7121;True
5078;True
1352;False
6158;True
6025;True
7356;False
3131;True
6883;True
219;True
2004;True
8234;True
5516;True
9665;True
5776;False
4173;True
8550;False
3920;False
1195;False
4424;True
4910;True
2755;False
8440;True
6805;True
5117;True
5102;False
2345;True
8047;False
2935;True
6758;False
577;True
2468;True
1076;False
6932;False
4054;False
4531;False
33;True
9238;True
4898;False
5760;False
1369;False
1534;True
9120;True
6406;False
191;True
7164;True
2141;False
622;True
8547;True
7658;True
3377;True
4558;False
2192;False
8498;True
1799;True
2465;True
559;True
174;True
9422;True
7480;True
6515;False
4794;True
5505;True
1429;True
992;True
1948;True
9427;False
8822;True
96;True
2869;True
2897;True
3624;False
6469;True
5972;True
6104;True
5532;True
8751;True
6079;False
9376;False
7847;True
2833;False
860;False
845;False
730;True
3478;True
8802;False
5602;False
95;False
1871;False
1632;False
6279;False
2319;True
7184;True
3526;True
4564;True
7665;True
6230;False
4939;True
7495;False
6921;False
4969;True
3728;True
5175;True
508;False
183;False
745;True
3414;True
6388;False
7571;False
3158;True
9899;True
8912;False
8728;True
3137;False
8954;False
6211;True
2538;True
1296;False
441;False
1035;False
2988;False
8894;True
468;False
9444;True
5301;True
7590;False
9309;True
8354;False
549;True
4090;True
8228;False
4123;True
9264;False
71;False
2867;True
4068;True
8238;True
6226;True
693;True
2903;True
6512;True
4225;True
3548;True
5649;False
1451;True
1527;True
1017;False
5998;True
163;True
156;True
9151;False
1067;True
6387;False
4410;False
4600;True
381;False
8024;False
1789;False
1333;True
5251;False
1174;False
4189;True
6326;True
5380;True
4713;True
8510;False
2275;True
2107;True
2915;True
808;False
6429;False
3877;False
3560;True
1194;True
8142;True
618;False
1149;True
8874;False
7476;True
7736;False
3322;False
5784;False
5450;True
578;True
2076;False
4541;False
9191;False
4803;False
38;False
2343;True
776;True
2313;False
3338;False
2975;False
9068;True
4657;True
5179;True
3523;True
7795;False
648;False
2957;True
2546;True
9525;True
5098;True
9438;True
2321;True
4938;True
1627;False
5281;False
176;True
2566;False
1220;False
1128;False
4893;False
1886;False
4665;True
6658;True
615;True
336;True
3852;True
7051;True
5229;True
4576;True
1471;True
1328;True
4861;True
6098;True
6392;True
4884;False
3833;True
765;False
7240;False
277;True
9154;False
2356;False
3918;True
4302;False
3173;False
9263;False
6106;True
6235;True
6031;True
1018;False
9694;False
8485;True
839;True
475;True
425;True
1347;False
512;True
3620;False
2748;False
3978;False
7373;True
9188;True
5395;True
5499;True
3814;False
8915;False
5236;True
6792;True
3871;True
2255;False
3705;False
8044;False
6516;True
1649;False
9036;True
8996;True
9667;True
7169;False
5916;True
3037;True
1655;True
3224;False
5642;False
1267;True
8582;True
333;True
9318;True
1304;False
1269;True
105;False
8774;False
4159;True
5736;True
1573;False
6867;False
9659;True
5885;True
3069;True
861;True
8927;True
7386;False
8453;False
4754;False
3113;True
8203;False
8849;True
9485;True
3653;True
5613;True
7706;True
7205;True
601;True
2120;True
306;False
5741;True
6933;False
8694;True
4204;False
6220;True
2150;False
3048;True
8373;False
1841;False
456;False
3846;False
4790;True
1792;True
592;False
8160;True
7434;False
4205;True
4921;False
8274;False
8100;False
240;True
8385;False
8692;True
118;False
8080;False
165;True
3892;True
6804;False
1484;False
2143;True
1641;True
6980;False
593;True
6264;True
6764;False
5122;True
5489;True
6198;True
518;True
1982;True
6484;True
788;True
937;False
7322;True
5168;True
9096;False
1007;False
3196;True
299;True
7109;False
1837;True
8405;True
5808;True
6136;True
771;False
1240;True
8884;False
6205;True
7560;False
5843;True
7845;False
4448;False
2719;True
6865;False
4377;False
5269;True
7749;False
4316;True
8122;True
4728;True
6664;False
5348;True
8365;True
1082;False
9089;False
2001;False
9605;True
4957;True
1208;True
4561;True
6146;True
3955;True
2604;False
1900;False
7871;False
9726;False
7150;True
2153;True
1680;True
3477;True
3142;True
4087;False
6037;True
9374;False
4775;True
6528;False
6288;True
4174;True
7758;False
7671;False
4565;False
5909;True
5;True
7016;True
9457;True
8313;False
7802;False
199;True
754;True
7266;True
4698;True
1249;True
7058;True
3167;False
3511;False
554;False
7197;True
6424;True
4367;True
5095;False
1992;True
6314;False
1367;False
7492;False
9579;True
3319;False
4885;True
2351;True
3152;False
1466;True
8490;True
2971;False
6580;True
4112;False
7524;True
5956;True
503;False
7019;True
6044;True
7399;False
6007;True
6313;False
7788;True
2910;False
6827;False
8368;False
4415;True
2287;True
6456;True
4480;False
1745;True
2198;False
5640;True
6615;True
9843;False
7333;True
1985;True
2643;True
6843;False
8792;True
4596;True
2480;True
1626;False
5215;False
3072;True
9955;True
2970;False
6674;False
1378;False
4183;True
7101;False
9974;False
1077;True
9095;False
2236;False
7618;True
4832;True
3997;True
3191;True
4180;False
3803;False
4413;True
3550;True
7890;False
2264;True
1052;False
4865;False
6536;True
6302;True
4372;False
9439;False
6293;False
948;False
8742;True
579;True
7086;False
2088;True
6369;False
7003;True
1707;True
3467;True
8022;False
378;True
6742;False
1003;True
6693;True
9915;True
2880;False
2016;True
5536;False
9118;True
1280;True
3567;True
955;False
1492;False
2695;False
2006;True
1724;True
9487;False
8435;True
4482;True
3029;False
3878;True
3954;False
4647;True
4151;False
390;True
5312;True
9299;True
5656;False
4425;True
6123;True
7879;True
4527;False
3713;False
1481;True
9410;False
2382;False
5888;False
5732;False
4143;False
35;False
5402;True
7046;True
7731;True
124;False
9639;False
6006;True
2032;False
2998;True
4244;True
4499;False
3097;False
3107;False
1268;True
1863;False
530;True
6775;False
5466;True
6474;True
9164;True
7835;True
9901;False
2589;True
4782;False
3809;True
2937;True
9271;False
7394;False
2888;True
7721;True
9170;False
6965;False
1459;False
9831;False
5007;False
3888;False
2738;True
3880;True
1781;True
6099;False
7300;False
5172;True
2036;False
4172;True
5797;False
7397;True
7462;False
4340;True
4633;True
9087;True
2281;False
9733;True
9683;False
748;True
2173;False
9452;True
8552;True
380;True
4976;False
7638;False
5344;True
6682;True
8377;True
857;True
1251;True
564;True
5458;False
6405;True
3784;True
9032;False
6861;False
1388;False
7256;False
5939;True
7115;True
4911;False
1401;True
8192;False
8603;False
4442;False
7145;True
2174;True
5011;False
902;False
7139;False
3580;True
3000;False
3643;True
5641;True
2526;False
2154;False
8351;True
5644;True
2561;False
5795;False
4814;True
8977;True
4810;False
6384;True
6848;True
6482;True
8891;True
1637;True
6594;False
7013;False
1860;True
9019;False
6903;True
4461;True
3219;False
1869;False
5750;True
3229;False
9221;True
9842;True
171;False
9783;False
6513;True
167;False
2180;False
8759;True
341;True
9782;True
5856;True
7652;False
3757;True
2022;False
1866;False
8413;False
8166;True
139;True
6064;True
5475;False
1423;True
2817;True
6442;False
4279;True
3655;True
7366;True
2490;False
8468;True
4470;True
2943;True
7211;True
6212;True
1364;False
2726;False
9999;True
1237;True
2634;False
7891;True
9103;False
7133;False
125;False
3250;True
440;False
4358;True
5210;True
5878;False
2964;False
8611;False
9424;True
8254;True
7522;True
3033;True
9225;True
5227;True
4772;True
7287;False
9288;True
8170;False
8561;True
9526;False
4630;True
9277;False
4929;True
9636;False
1087;False
9243;False
7623;True
1245;True
8670;False
9699;True
51;False
3813;True
588;True
8182;True
9303;False
7194;False
8818;True
1340;False
9923;True
7939;True
5396;False
3136;False
5087;False
2607;True
9137;False
9063;True
1384;True
7926;False
5357;False
1210;True
2520;True
9178;False
6467;False
2815;False
1407;True
8825;True
7801;True
7766;True
142;True
4333;False
9276;True
2735;False
6621;True
757;False
8991;True
523;True
5556;False
9860;False
4916;True
4108;False
158;False
8307;True
6788;False
1200;False
5832;True
2325;True
1026;False
8278;True
8269;False
3907;False
7669;False
3434;True
321;False
5991;True
4573;False
9796;True
4671;False
452;False
1994;False
1016;True
3858;False
6118;False
6189;False
4607;True
5798;True
4903;True
6201;True
4308;False
7861;False
1631;True
1368;True
6354;False
379;False
6772;True
7274;True
6959;False
2887;True
1922;True
8165;True
3366;True
3596;True
431;True
668;False
4212;True
449;True
3354;True
8963;False
135;True
8439;False
7083;True
1446;True
8930;True
978;False
9692;False
5193;False
746;True
2050;False
2368;False
1236;True
9501;False
6543;True
5145;True
6911;True
9888;True
6273;True
2543;True
2575;False
2469;False
8595;True
6905;True
950;False
809;False
2959;True
212;False
8863;False
5167;True
6993;False
7368;False
4235;False
7264;False
2441;False
3100;False
8251;False
2803;False
3941;True
4706;False
7678;True
1438;False
5863;True
8669;False
4739;True
888;False
5981;False
637;True
6323;True
3487;True
7302;False
9080;False
6407;True
9057;True
1554;True
7363;True
7392;True
9425;False
7431;True
2641;False
34;True
6033;True
6252;True
8569;False
4404;True
4007;False
6144;True
2702;False
9201;False
5224;False
5724;False
2664;True
6415;False
7769;False
6280;True
5153;False
4516;True
7697;False
553;True
262;False
9175;False
7535;False
5383;True
4697;False
6818;False
5081;True
743;False
2969;False
5483;False
5911;False
5304;True
7943;True
2960;True
2544;False
1959;True
4441;False
9416;True
1452;True
826;False
2810;True
7687;True
7259;True
5566;True
5211;False
6695;True
7081;True
1703;True
8810;True
2727;False
5462;True
5214;True
2855;True
894;False
5552;False
9687;True
680;True
7683;False
699;True
242;False
6547;False
2427;False
6396;False
883;True
5975;False
5034;False
4206;True
5986;True
1578;True
423;True
9891;True
1252;False
9951;True
1981;True
2898;True
1793;True
4833;False
4045;True
9493;True
4716;False
8775;True
4310;True
323;True
5225;True
4468;True
5726;True
2260;False
8423;True
6071;True
8101;True
5895;False
9500;False
4202;False
8419;False
6272;True
7708;True
9536;False
4297;True
1752;True
9007;True
2244;True
989;True
5173;False
7456;True
3392;True
8279;True
6085;True
5090;True
9808;True
747;False
7945;True
1329;False
4103;True
7453;True
1138;False
7763;False
7127;False
7726;True
3165;True
2905;False
9040;True
9847;True
4783;True
2228;True
8699;False
5096;False
9403;False
7696;True
5814;True
8343;False
3863;True
9275;True
4553;False
3532;True
3332;True
8942;True
4478;False
58;False
7349;False
8932;False
3256;False
7632;True
6832;True
692;True
9249;True
3726;False
7257;False
8534;True
6645;False
1598;True
6667;False
5731;True
3913;True
4135;False
9638;False
6926;True
2514;False
4838;True
4219;True
6609;True
413;False
7992;False
4229;True
3622;True
7062;True
7217;True
6024;False
6141;False
9852;False
1810;True
4298;False
3024;False
3744;True
2845;False
9257;True
1014;False
5147;True
5689;False
2759;False
761;False
3553;False
1561;False
5467;True
8136;False
6254;False
2862;False
2147;False
2585;True
90;True
1497;True
1535;True
7808;True
7852;True
2732;True
6117;False
9359;False
2421;True
9344;False
4672;True
9506;False
6125;True
3175;True
1473;True
8242;False
1807;True
5111;True
8760;False
6830;True
6400;False
2527;True
5568;False
6652;True
1155;True
4152;False
9730;True
5050;True
7226;True
1788;False
1348;True
7716;True
3112;True
3239;False
8533;True
4686;True
8194;True
3101;False
4729;False
5223;False
4763;True
8023;True
6241;False
5688;True
9233;True
9624;True
2513;True
2868;True
8750;False
9217;True
5561;False
996;True
8925;False
6789;True
3046;True
1478;True
5083;True
5161;True
1048;True
7787;False
7635;True
9569;True
7346;True
4866;False
3843;True
4611;False
7819;False
450;False
8549;True
7238;True
3661;True
8305;True
375;True
5141;True
3275;True
8213;True
1525;False
6425;False
1954;False
6475;False
203;False
3099;False
7976;False
1043;True
7118;True
974;False
2737;False
2326;True
6957;True
7260;False
8056;False
8394;True
6595;True
1143;False
6950;False
831;True
9527;True
7122;False
2986;False
2155;True
8478;False
9918;False
3399;True
2728;False
5965;False
187;True
4727;True
7278;False
9143;False
1636;True
6432;True
5198;True
6763;True
7615;True
3716;True
2258;True
2764;False
6747;False
3790;False
567;True
4556;True
8052;False
7559;False
8828;True
2286;False
9020;True
3571;True
3020;True
8637;True
2588;True
5564;True
8850;False
6308;True
4646;True
7487;True
6095;True
3383;False
5275;True
2335;False
6181;True
8127;True
2163;False
6229;False
3245;True
1645;True
3695;True
814;False
1908;True
6352;True
9705;True
555;True
4028;False
9474;False
309;True
5065;True
8702;False
4263;True
9967;False
7643;False
9473;False
4750;True
8204;True
6187;False
8429;True
7525;False
892;True
8249;False
2020;True
3961;True
3904;True
3552;False
632;False
9961;False
7498;True
17;False
753;True
9855;False
3278;False
3043;True
7746;True
9662;False
8970;False
4126;True
1071;False
5815;True
5761;True
2300;False
3223;False
4786;True
5201;False
8421;False
9713;True
7263;False
7020;True
3407;True
9878;False
4638;True
5278;True
9281;False
5829;True
9212;False
9995;True
596;False
8634;True
7304;True
9255;True
1538;True
5375;True
6262;True
1531;False
8847;False
8298;False
9607;False
3636;False
2690;True
8290;True
358;True
7286;True
8159;False
3621;False
2966;False
8883;True
7061;True
4459;False
8646;True
9290;False
7395;False
3509;False
2072;False
7999;False
885;False
9865;False
694;True
6481;False
7642;True
5476;True
60;True
5413;True
5148;False
930;False
2092;False
3244;False
7636;True
8446;True
1934;True
9698;True
3940;True
2420;True
8543;True
5910;True
1056;False
4588;True
6081;False
1831;True
6739;False
4955;False
6810;True
9322;False
5877;True
1728;False
485;True
9827;True
5026;True
2742;True
1284;True
9619;True
9392;True
2642;True
965;True
2885;True
1839;True
5031;False
424;True
1106;True
5679;False
4317;False
1997;True
9576;True
4124;True
9829;True
8454;False
9291;True
5839;True
7913;True
792;False
8040;True
5094;True
519;True
566;True
6904;True
3337;False
794;True
5386;True
3670;False
5041;False
841;False
2233;True
6970;True
8134;False
351;True
6289;True
5978;True
4492;True
5870;False
2861;False
6325;True
6648;False
1411;False
5896;False
7630;False
7610;False
8865;False
7897;True
1097;True
1235;False
3574;False
1265;False
1134;False
3989;True
2238;False
8940;True
1693;True
3194;True
9761;True
9850;True
7071;True
1403;True
4057;True
6331;False
5040;False
263;True
9426;True
7190;False
9189;False
1319;False
5181;True
3426;True
8821;True
2381;True
8322;False
5171;True
9228;True
6966;True
2629;True
3985;False
8175;False
3823;True
7168;False
3890;True
6726;False
5958;True
6639;False
5894;True
9509;True
907;True
6017;False
1285;False
2271;False
8964;False
8727;True
8823;False
435;True
2225;False
1943;False
9136;False
353;True
9398;False
9959;True
2870;True
3083;False
5746;False
5405;True
4658;True
5685;False
4977;True
2723;False
9484;False
2066;True
152;False
4130;False
2412;True
8544;True
1102;True
2083;True
6266;True
6327;True
795;False
4066;True
2882;False
4450;True
2751;True
2674;True
9660;False
5272;True
4680;True
766;False
3826;False
3445;False
8952;True
5567;False
2409;True
5995;False
5100;False
5436;True
1256;False
1717;False
6286;False
6501;False
6182;True
6846;True
8198;True
8882;True
4937;False
1699;True
1976;True
8795;True
6909;False
8289;True
1274;False
681;True
4022;False
6471;False
1090;False
6884;True
8697;True
2853;True
8229;True
9421;False
4025;False
2530;True
37;False
3174;False
663;True
395;True
9614;True
4383;True
8069;False
1171;False
5132;True
2662;True
9835;False
4299;True
990;True
1213;True
3409;True
460;False
5658;False
7963;True
4655;True
7598;False
1093;True
7768;False
9966;False
517;True
6246;False
8653;True
3772;False
5353;True
7662;True
8009;True
8445;True
6170;True
5495;False
6630;False
2521;False
8832;False
7267;False
1876;False
2906;True
2;True
5032;True
905;False
5101;True
1204;True
6840;True
2166;True
4641;False
8157;True
8442;True
9326;True
5775;True
1621;True
1944;True
9837;True
2555;True
4077;True
807;True
2026;True
1818;True
6341;True
6587;True
2729;False
8741;False
9517;False
8761;False
4925;False
3855;True
1355;False
7675;True
5713;False
3357;True
985;False
9897;False
491;True
1354;True
3639;True
4234;False
9390;True
2484;False
5118;False
8117;True
5659;True
6850;False
9235;False
3181;True
7732;True
7953;True
3205;True
4909;True
5137;False
2142;False
4422;False
3587;True
1899;True
5974;True
8084;True
8998;False
4160;True
195;False
7309;True
5812;False
4931;True
3398;True
9746;True
2177;True
9351;False
2836;False
9987;True
1325;False
3481;True
9163;False
7177;True
4562;True
6190;True
5186;True
1058;True
4725;False
2881;False
6524;False
3764;True
3544;True
6610;False
4435;False
4998;True
9349;True
5502;True
4163;False
1254;True
232;False
982;True
8576;False
2580;True
1161;False
5368;True
7995;False
2277;False
2291;False
5681;False
3637;False
5306;True
3529;True
3039;True
533;True
7674;True
5804;True
3599;False
5730;True
5447;False
8713;True
1387;False
5962;True
6687;True
8641;True
928;False
1215;False
2357;False
2679;True
368;False
3760;True
9440;True
7892;False
3547;False
4825;True
8301;True
3908;True
9174;False
2909;True
4755;True
6915;True
5190;False
8273;True
2111;False
3246;False
6986;True
223;True
933;True
3257;True
8463;True
4986;True
2193;True
9192;False
7786;True
9198;True
3658;True
3572;True
6997;True
5021;False
1362;False
4918;False
1366;True
9140;True
9862;False
7245;False
7977;True
7853;False
9334;True
3027;False
1932;True
3;True
8185;False
8333;True
4275;True
9145;False
8639;True
6585;False
8684;True
7754;True
7208;True
1656;True
20;False
6709;True
6234;True
6741;False
6464;False
9259;False
5237;False
3355;True
4769;True
8690;False
2949;True
5672;True
7372;False
5105;True
7255;False
9561;True
7987;True
3473;True
4024;True
4805;False
9553;True
2993;True
4332;True
8467;True
2873;False
4454;False
8667;False
6417;True
3932;True
2199;False
8791;False
710;False
8019;True
9801;False
8432;True
8831;False
1238;False
7502;False
8196;False
1361;True
8889;False
4185;False
23;True
4105;True
6984;True
5944;False
3356;True
2682;True
2635;True
3222;True
4452;True
4609;True
2813;False
6067;True
5318;True
1758;False
4568;True
6401;False
8300;False
5826;False
9950;False
7967;True
5748;True
4669;True
8212;True
7253;False
6733;True
151;False
5035;False
607;True
6386;False
1490;False
3360;False
2713;True
8820;True
7614;True
1004;True
7137;True
6871;False
8060;True
9523;False
9839;True
6608;False
8967;False
8924;False
6838;True
6723;True
6184;True
5479;False
6365;True
2194;True
6318;False
1192;False
3922;True
8103;True
9615;True
9876;False
4807;True
9478;False
4248;True
8407;True
9354;False
8202;True
6256;True
7493;True
2694;True
2160;True
2749;True
5249;True
5700;True
1002;True
1921;True
1317;False
9027;True
4736;False
7357;True
2179;False
7611;False
9152;True
1327;False
742;True
9337;True
9365;True
5980;True
6598;False
9656;True
6372;True
917;False
9654;True
3193;True
6094;True
4501;False
5763;True
9193;True
3363;True
2832;True
4349;True
2278;False
951;True
237;True
4433;True
3134;False
5393;False
5908;True
9611;True
1625;True
1084;True
4791;True
7751;False
5438;True
4762;False
5721;False
9993;True
8097;True
8559;False
9676;True
7326;False
3917;True
5990;False
445;True
8156;False
101;True
338;True
5924;False
1881;True
5762;False
5860;True
1281;True
599;True
6601;False
9384;False
711;True
9793;True
5539;False
8265;False
1272;True
1279;False
1199;False
3402;False
8923;True
410;False
2241;True
4849;True
4056;False
7774;False
2940;True
1190;True
1734;True
7517;True
7633;False
7206;True
5030;True
1865;False
6976;True
8933;False
3347;True
6219;False
5537;False
3750;True
824;True
2785;True
7250;True
402;False
1032;True
4513;False
8012;False
5982;True
7634;True
2752;False
8003;True
157;True
791;True
88;True
8250;True
6428;True
7814;False
5865;True
2533;False
731;True
6422;False
5060;False
4419;True
6294;True
7929;True
2359;False
8383;True
7484;False
6991;True
4341;False
926;True
2660;False
483;True
6724;True
7335;True
8222;True
9044;True
6041;True
9295;True
7567;True
4421;True
4338;True
366;True
6878;True
200;True
5650;True
3404;False
671;True
6616;False
5055;True
6437;False
350;False
8259;False
7196;False
3981;True
8076;False
3924;False
4536;False
9406;True
9395;False
2612;True
1193;False
8239;True
5154;True
5846;True
6078;True
3678;False
3577;False
556;True
3233;False
7966;False
352;True
9099;False
1741;False
285;True
429;False
1733;True
2457;False
7794;True
1258;True
405;False
3889;True
9800;True
7258;False
7479;False
6874;False
3591;True
6744;True
2240;True
4670;True
1564;True
4023;True
7834;True
7679;False
6661;False
3460;True
8048;True
3685;True
7043;False
5280;False
2342;True
6740;True
640;False
3522;True
810;False
1209;False
5603;True
7563;False
4535;False
2375;True
318;True
8236;False
6147;False
6557;True
3799;True
3683;True
5578;True
6555;False
1116;False
8588;False
8607;True
3371;True
6953;True
4246;True
6383;True
4853;False
5838;False
8947;False
6349;False
1744;True
8008;False
3831;False
898;False
1808;False
387;True
3058;True
7087;True
2600;False
678;False
4378;True
6050;False
8811;False
1456;False
9869;True
7719;False
5922;True
1222;False
9307;False
4661;True
9213;True
1539;False
4705;False
1629;True
6460;True
4138;True
1553;False
877;True
6408;True
3064;False
6829;True
9913;True
6427;True
7545;True
9748;True
7959;False
2638;False
8020;True
3443;True
4326;True
5923;True
3066;True
6938;False
4107;False
5037;True
9029;True
880;True
987;True
1336;True
5547;True
8668;True
4653;False
805;False
6752;False
4881;True
2389;True
2778;True
2346;True
1747;True
5639;False
7433;True
501;True
2219;True
5327;False
9115;True
8458;True
9912;True
5097;True
9522;False
154;True
5471;True
7547;False
1579;True
1596;True
1182;False
2442;False
9114;True
7131;False
9161;True
7141;False
9218;True
470;False
780;False
6937;False
1008;False
7552;True
3456;False
6049;True
8560;True
5710;True
6714;True
9621;True
9938;False
7516;False
2789;False
626;True
7797;True
7317;True
636;False
3808;False
2931;False
8539;True
5777;False
1634;False
7656;False
6045;False
4210;False
4828;True
2309;False
6738;True
8890;False
3284;True
3364;True
2863;True
132;True
9256;True
2289;True
4779;False
9454;False
1493;True
8987;False
6573;True
2019;True
5451;True
9117;False
1855;True
9476;True
9769;False
5163;True
977;True
5791;True
2655;True
5969;False
7980;False
9273;False
4740;True
9742;False
5484;True
1979;True
4217;False
8613;False
7435;False
7508;True
5046;True
6647;True
4714;True
3869;False
6087;False
641;False
7778;False
8209;False
6059;True
3103;True
4313;False
957;False
3254;True
7331;False
4089;True
2918;False
1541;True
6497;True
2715;False
918;False
4707;True
322;True
1849;True
2556;False
8779;True
9853;True
5866;False
3623;True
4813;True
967;True
227;True
6688;True
1346;True
7173;False
4889;True
8995;True
4;False
5109;True
4625;True
631;False
4693;False
9106;True
6307;True
9352;True
2731;True
7496;False
3594;False
5010;True
5070;True
9626;False
3939;False
1072;False
4827;False
120;True
6092;True
495;False
9690;False
5487;True
9858;False
1913;False
5365;False
667;False
86;True
6185;False
590;True
9534;False
2698;True
8018;True
1450;False
8381;True
584;False
3297;True
434;False
4863;True
9920;True
9971;False
9135;True
7631;False
9062;True
2568;False
2288;False
1046;False
7239;True
8999;False
3045;True
9671;False
3510;False
6371;True
7056;True
9582;False
658;True
4912;True
3533;False
9606;True
1594;False
7497;True
9625;False
7500;True
2886;False
5900;True
4009;True
4355;True
1040;True
5494;True
5072;False
6807;True
1911;True
7717;False
8678;True
4538;False
683;False
1590;True
5407;False
2693;True
4876;False
1031;False
7153;False
9021;False
6809;True
8931;False
4278;True
1316;True
1816;True
3237;True
4722;False
1526;False
5059;False
846;False
635;True
9486;True
2866;False
2541;True
175;False
5069;True
9840;False
1920;False
8786;True
8780;False
2476;False
56;False
2928;True
1765;False
6562;False
3673;False
3536;False
4168;True
8494;True
2570;False
8041;False
1500;False
9673;False
6879;True
53;True
4678;False
2500;True
3901;False
6177;False
92;True
5116;True
7045;False
8502;False
5518;True
9902;True
5284;True
4220;True
7165;True
7123;True
7651;True
6715;False
8367;True
7306;True
303;False
7773;True
6455;False
8272;True
8851;False
3469;True
5988;True
3956;True
7126;True
9976;True
8974;False
9459;True
7201;False
1714;True
2471;True
5388;True
999;True
8391;False
8961;True
4549;False
9757;False
8434;False
7082;True
5002;True
6065;True
4795;False
3719;True
4947;True
8350;True
5107;True
264;False
3397;False
561;False
2283;False
6155;True
1385;False
1931;True
3952;True
1677;True
9078;True
9302;True
2673;False
2535;True
5067;True
8922;False
723;True
4069;False
3811;True
4400;False
1993;True
9448;True
7328;True
8962;False
5204;True
6614;True
6063;False
49;True
4075;True
7383;False
6479;True
2594;False
9547;True
2392;False
7074;True
4169;False
5361;False
5377;False
8803;False
4628;False
9015;True
799;True
194;True
6952;True
2340;True
7009;True
9516;False
7969;True
5711;True
1651;True
1739;False
3756;True
8099;False
340;True
9838;True
8120;True
2383;True
8208;False
2148;True
5703;True
7965;True
6698;False
3702;False
2950;True
1054;True
8567;False
8647;False
355;True
9537;False
758;False
3659;False
5936;False
620;False
8934;False
4949;True
7090;True
5006;True
2990;False
3795;False
1045;False
8462;True
1374;False
1581;False
9510;False
8396;False
6768;False
3203;True
630;True
166;False
1181;False
1611;True
6940;False
9940;False
7180;True
9207;True
1405;False
3269;False
4746;True
1219;True
6333;False
1444;False
6914;False
673;False
4458;True
4971;False
3138;True
3915;False
8522;False
2424;False
7595;False
9552;True
9071;True
9779;False
9956;False
84;False
2306;False
5319;True
463;True
4696;False
2119;True
4216;True
6310;True
5266;True
7793;True
4094;True
9147;True
9988;True
9155;False
3324;True
9963;True
9272;True
9577;True
6556;True
1051;True
4255;False
1738;True
6816;True
4020;False
6277;True
3792;True
4835;True
2369;True
7654;True
6701;True
2403;True
1974;False
4818;True
8245;True
7207;True
8911;False
3453;True
9600;True
9870;False
9617;True
1101;False
1345;True
4125;False
7608;True
5633;True
5254;True
1565;True
5751;True
6521;False
2718;False
3527;False
4312;True
164;True
4715;False
1259;True
5022;True
7203;True
3359;True
9543;False
9261;False
4785;False
560;True
749;True
5840;False
3579;True
2525;True
3025;True
1952;True
9581;True
8673;True
2136;True
7354;False
3739;False
5676;True
7581;False
461;True
5005;True
6666;False
3995;False
2149;True
2132;True
5757;True
9340;False
6242;False
8370;True
1322;True
5274;True
2799;False
8395;True
2461;True
7436;True
7849;True
7988;True
5470;False
1275;False
2074;True
9934;False
9805;True
2494;True
9594;True
5800;True
9129;True
3747;True
6705;True
1276;False
7509;False
7549;False
9655;False
4526;False
5373;False
3884;True
2099;False
8885;True
3455;False
6055;True
8163;False
7246;True
2384;False
5170;False
4393;False
9752;True
6268;False
8990;False
505;True
2297;False
205;True
3975;False
1949;True
6728;True
9736;False
5325;False
6901;False
8416;False
7760;True
2537;True
4091;True
7125;True
8417;False
4256;True
328;True
7575;True
443;False
2044;False
6084;True
6291;True
6553;False
4187;False
4892;False
5987;False
6012;True
8580;True
9816;True
8571;True
844;True
8499;False
2929;False
9824;True
6348;False
1983;True
9283;True
4735;True
5996;True
5716;False
8402;False
6632;True
2169;True
6385;False
7637;False
1041;False
6765;True
432;False
5150;True
8620;True
4465;True
1153;True
5948;True
744;True
8293;False
8470;True
1858;False
4006;True
6180;False
8568;True
7789;False
2784;True
4935;True
7713;False
773;True
3742;False
4128;False
2657;False
1158;True
3769;False
5459;True
143;True
8083;True
5443;False
1563;False
5091;True
9980;True
446;False
467;True
6496;True
5180;True
6148;True
8688;False
8650;True
5511;False
8013;True
3593;False
8219;False
8683;True
4059;False
141;True
3741;True
9943;False
6696;True
8324;False
2542;False
4262;False
8978;False
8112;False
7237;True
2349;True
5207;True
8519;True
178;False
8030;False
5016;True
6761;False
7515;True
6018;True
5491;False
1593;True
9877;True
3213;False
8168;False
5821;True
256;True
9663;False
344;True
9717;True
9751;False
7570;False
2010;True
8798;True
9011;False
5264;False
3669;False
3515;True
7932;True
6061;True
6048;True
4315;False
8225;True
8425;True
4734;True
2890;False
9802;True
4420;False
3648;True
9043;False
5428;True
2821;False
893;True
8664;True
9890;False
3238;False
6151;True
9358;True
610;True
5735;False
2073;True
7041;True
3969;True
4121;True
6019;False
7034;False
4873;True
4489;True
8335;False
5670;True
2170;False
8563;True
4512;True
1737;True
4587;False
4491;False
8857;True
5605;False
1975;False
3694;True
5935;False
6777;False
4475;False
4676;True
8511;True
6443;False
6164;True
7505;False
3343;False
489;True
297;False
3428;True
1080;True
4132;True
1112;True
9773;True
3202;False
4877;False
8776;True
1218;True
6793;True
7438;False
1559;True
7779;True
403;True
2234;True
5052;False
9642;True
418;True
8125;True
2587;False
9798;False
1811;True
645;True
7649;True
2272;True
5848;True
672;False
6548;True
4901;False
1157;True
8;True
8215;False
849;True
9936;True
6466;True
7676;False
6660;True
315;False
7961;True
3534;True
8378;False
1678;True
3557;False
7443;False
1602;False
7585;False
936;True
3243;True
6886;True
250;True
5625;True
9420;True
4731;True
5213;True
4594;False
7839;True
9250;False
2808;True
1033;False
6131;True
3677;False
6473;False
9898;True
5074;False
7513;True
1798;True
9836;True
9413;True
6488;False
7135;False
1412;True
5501;True
3109;True
8869;False
3368;True
4784;True
801;True
4980;True
8926;False
9160;True
8813;True
9672;True
9498;True
2453;True
2475;False
9247;True
9345;True
8992;False
3976;True
4743;False
3805;True
6275;False
1441;True
7027;True
4675;True
3161;True
1019;True
2944;True
9366;True
6156;True
8171;True
6221;True
2137;False
927;False
9741;False
8496;False
9763;False
9848;True
4314;True
9330;False
9935;True
9005;True
61;True
6486;False
4914;False
5347;False
117;True
7557;True
80;False
5545;False
2750;True
292;True
5271;False
3674;True
2361;True
6172;True
2554;False
864;True
7908;False
5740;True
4875;False
4047;True
2089;True
5465;True
9119;False
6678;True
6535;False
7681;False
5887;True
2454;True
2069;False
7824;True
1980;False
1434;True
9012;False
1570;False
6188;True
1283;False
4550;False
6882;True
4496;False
7820;True
3906;True
4636;False
2284;False
7449;True
7388;False
6110;False
4067;False
5618;False
1323;False
3935;True
9507;True
8855;False
9320;True
6300;False
6627;True
1044;False
3276;True
4469;True
5242;False
8271;False
6596;True
8584;False
364;True
6174;True
3210;False
1698;True
8649;False
8866;False
7843;True
2663;False
373;True
5577;False
9786;True
5039;False
5976;True
6328;False
5714;False
6389;False
5667;True
1069;True
511;True
5550;True
899;True
4207;True
1642;False
2448;False
6379;True
865;True
2851;True
4685;True
4339;False
1027;False
1417;False
8404;False
9300;False
2945;True
7423;True
9762;True
5456;False
4896;False
6540;False
576;True
5989;True
7616;True
4615;False
4236;False
2079;False
7472;False
4026;True
7044;True
3844;True
4767;True
5363;True
1684;False
4907;False
7482;False
3488;True
9134;False
1622;False
7641;True
5597;False
1309;False
4389;False
5905;True
4622;False
7428;False
3372;True
2864;True
3365;False
3002;False
818;True
2794;False
9749;True
2323;True
1757;True
3336;False
4188;False
2578;True
9745;True
482;True
4629;False
4381;False
4334;True
3217;False
2497;True
1771;True
9696;True
5880;False
2062;False
1940;True
1679;True
5565;False
6271;True
9557;False
210;True
8294;True
6420;False
8346;False
6800;True
9394;True
5882;True
6021;False
2223;True
8151;True
604;True
7722;False
6856;True
9706;False
8920;False
9092;True
8473;False
764;True
3438;False
4684;True
6668;True
4342;True
5324;True
9942;True
6062;True
2007;True
6797;True
732;True
3692;False
5049;True
2747;True
3681;False
8401;True
7627;True
119;True
906;True
3320;True
4528;True
9025;False
7975;False
714;True
4780;True
7254;True
7955;True
3255;True
4074;True
3139;True
2425;True
8902;False
5234;True
6398;True
9076;True
2848;False
8812;False
8197;False
294;False
312;True
3122;False
9094;False
653;True
7111;False
2332;False
1695;False
2976;False
5367;False
6404;True
8860;False
3310;False
5773;False
6679;True
677;True
3614;True
2510;True
4015;False
5897;True
9957;True
6767;True
4751;False
3082;True
2266;False
4603;True
5349;False
6119;True
7028;False
7050;False
2930;True
3145;True
5038;True
7336;True
8877;False
2777;False
201;True
5259;True
6725;True
9172;False
1065;False
5616;False
2849;False
2115;True
9985;False
8353;False
1023;True
3352;False
6982;False
1996;False
5968;True
8004;False
971;True
3730;False
5463;True
1754;False
1702;False
1681;False
2503;False
7311;True
5994;False
1784;True
3303;True
1427;True
2334;False
5963;False
8679;True
3910;False
4238;True
8070;False
2337;True
6068;False
2479;True
3630;True
6640;True
1180;True
3749;True
2330;False
1670;True
266;True
8867;False
9002;True
1320;False
5970;False
7617;True
3602;True
2602;False
2826;True
1146;False
540;True
3270;True
4350;False
5624;False
3127;False
4964;False
9754;True
8389;True
4249;False
7911;True
9104;True
5406;False
2493;True
8599;False
6716;False
6358;False
8735;False
5013;False
1700;False
2232;False
6376;False
2100;False
2523;True
2831;True
400;True
7296;False
3271;False
2920;True
9965;True
9512;True
4440;False
1888;True
568;True
9787;True
4656;True
7740;False
9455;False
6036;True
1662;True
787;True
6824;False
8128;True
3230;False
7937;True
6756;True
1753;True
5535;True
4304;False
2056;False
8762;False
474;False
1150;False
2347;False
679;True
843;False
6361;True
5818;False
300;True
9664;True
1978;True
8908;True
707;True
960;True
7702;True
3528;True
3746;True
1862;True
8833;False
9199;True
9156;True
8619;True
4423;True
705;True
8214;False
1479;True
329;True
7004;False
7163;True
6225;False
2628;True
8946;True
7360;False
3060;True
5208;True
5617;True
5486;True
9446;False
8201;True
5678;False
458;False
7738;True
1640;True
9333;True
9389;False
2470;False
6511;False
9797;True
4142;True
9750;False
6089;False
6877;False
1013;False
8263;False
3009;False
8540;False
216;True
9946;True
8766;True
8817;True
9179;False
3292;True
1957;True
3834;False
2839;False
7821;False
6038;True
9335;False
6274;False
4291;False
7332;False
2075;False
3960;True
2760;False
7213;True
3451;True
9529;False
5286;False
798;False
9386;True
8230;False
6917;True
8061;True
8207;True
7295;False
9743;True
3738;True
6591;False
8283;False
2741;True
3545;True
1884;False
2121;False
5362;True
1551;True
228;False
5593;True
4200;False
8382;True
30;False
3168;True
7888;True
7896;False
7185;True
4176;False
3578;True
1418;False
6183;False
9731;False
572;True
1331;True
4547;False
4365;False
8409;True
1430;False
6942;False
3783;False
1053;True
1096;False
4411;False
2922;False
3034;False
2967;False
7799;False
9911;True
2352;True
8173;False
8617;False
4726;False
7628;True
9778;False
1477;True
2280;True
3166;False
1749;False
6499;True
5387;False
5253;True
8901;True
4773;True
2636;True
3291;False
8095;True
2195;True
5743;True
1318;False
9472;True
5166;False
5992;False
6831;True
5702;False
3199;True
9814;True
904;False
9548;True
947;True
3172;True
9856;False
9167;False
5779;False
1619;False
8206;False
7582;True
9183;False
4369;False
6750;True
9490;True
1847;False
1379;True
4162;False
8553;False
3782;True
3266;True
5591;True
3779;True
1244;False
3549;True
6517;False
6623;False
1772;False
1770;False
7558;True
5333;True
2834;True
6338;False
6192;False
8491;False
8262;True
3793;True
9177;True
2678;True
1574;True
6570;True
8960;True
3110;False
72;True
3541;True
349;True
7520;True
1746;True
9881;False
8388;True
7680;True
392;False
7537;False
6803;True
3874;False
8161;False
1706;False
1454;True
1786;True
7653;False
2417;True
4923;True
3583;True
4406;True
4288;True
7485;False
7920;True
6134;False
137;True
8481;True
8106;True
8627;True
7454;True
6350;False
1055;True
1653;False
1062;True
9342;True
9925;False
603;True
6165;False
9158;False
4127;False
3759;True
8094;True
2756;True
8514;False
1487;True
2786;False
6635;True
1286;False
2597;False
9294;False
5311;False
5973;True
9767;True
3753;True
3789;False
7989;True
4718;True
1107;False
2637;True
6139;False
3634;True
9494;True
1823;True
6346;True
5654;True
7555;False
7790;False
8819;True
327;False
5024;False
1850;False
5582;True
7927;False
7753;False
6324;False
6362;True
466;True
5614;True
1311;True
9210;True
2393;True
4072;True
3489;True
9958;True
8596;False
7389;False
5164;True
9822;False
5142;True
2329;True
4890;False
9637;True
5697;False
3190;False
3642;True
6633;True
535;False
7369;False
2953;True
7952;False
8733;False
8055;True
3446;False
9515;False
969;True
9945;False
9110;True
1575;True
267;False
4616;False
8707;False
155;False
6073;False
7288;False
6947;True
558;False
1667;False
1878;False
9128;True
5675;False
9181;True
4021;True
945;False
5589;True
5401;True
5263;False
4343;False
9451;True
6962;True
5857;True
9009;True
8709;False
2436;True
9343;False
1342;False
7486;True
4708;True
9622;False
1809;True
8662;False
2186;True
8038;True
4398;True
6179;True
1519;True
8955;True
3486;False
4283;True
6590;True
7478;True
5813;False
7672;True
4285;True
7093;True
5588;True
9572;True
1711;False
1127;False
9764;True
770;True
5817;True
3656;False
6571;False
8903;True
1335;True
7928;True
2822;True
1298;True
5302;False
5135;True
2699;False
1326;True
3838;False
2455;True
4086;False
4855;False
3584;False
8689;False
8302;False
345;False
3120;True
7347;False
1882;False
6989;True
2734;True
1;True
1683;True
1022;True
7337;False
7198;False
688;True
1226;False
5801;True
4860;False
4895;False
2871;True
9907;False
9524;True
709;True
8221;False
6478;False
6961;False
5925;True
2781;True
7469;True
361;True
4905;True
2603;False
5899;False
77;False
4260;True
3690;True
7100;True
1516;False
13;False
48;False
8152;True
8610;True
2893;False
4447;True
6946;False
4005;False
823;True
4373;True
2318;True
8949;False
1826;True
4823;False
9633;False
3013;True
8358;True
5084;True
1694;True
6240;True
54;True
7586;True
8288;False
9718;True
7562;True
7029;False
